Libor;2
Jacob de Lacey;5
back2dos;1
Urkle;15
nagates;0
nehz;0
ramoneguru;2
Stephen Roller;4
zervin;0
Faraz Kelhini;1
Brains1994;2
Sakis Tourloumpoukis;1
PFlans;0
kerrygould;2
Nick Olsen;1
Marcus Andromeda;2
"bubbles ";1
Mbolland;10
alfonx;3
user317819;0
Carlos Alloatti;2
php_oracle;1
kopos;5
Cranberry Headache;3
Dublinclontarf;1
Acatl Pacheco;7
tavod;0
Jonathon Bolster;4
user302935;1
Dunnie;12
Jonatan B;2
brtc;4
namespaceform;3
Juliana Machado;0
Winder;3
Vydee;1
Axiverse;4
dacracot;5
Zenshai;25
chuckrector;39
Oliver Ruehl;0
cvoeller;0
user80143;1
wbinford;8
adario;0
sebastian_oe;1
Doug Stewart;0
Hans Maes;0
vvk;0
Paul Hart;6
davidbuttar;1
DJKylix;1
user467043;1
stnr;2
Shadow.;0
ereOn;9
kawama Mugabiii Dennis;1
senthila007;0
Uli Held;16
Ajay Pandey;6
user228058;1
magice;1
TodoInTX;9
Alex Dresko;2
Fonze;0
RogerCui;4
Will Jenkins;6
lx.;2
tim_hutton;14
Brian Feaver;2
gauri;1
Alex Dybenko;1
Dergachev;0
CannibalSmith;7
cornz;2
embarus;2
user149634;0
ca7l0s;1
LuTHieR;1
ihatesushi;1
jkard883;1
Anonymous Question Guy;6
Vijayakumar;0
taylorca;0
Manish Shukla;3
Tyth;2
msosar;0
Ghita;5
Steve91;4
dan_s;0
Yves Reynhout;6
kasplurpo;4
danielmartinoli;2
David26th;1
Joe Boese;6
Charles Martin;0
Arivu2020;7
AnuragSingh;0
Nicke;1
Becci;-2
Andrew Florko;2
Chad Pry;3
Ha_Ha;0
rale;8
sabeur;5
MRP;0
Hadi Hariri;3
Kuzco;1
Chocky Chockster;2
PreciousBodilyFluids;5
Chris Edwards;0
Brian Michel;0
Daniel Heath;0
A Student at a University;1
Anonymous User;24
Chris AtLee;8
fuad;20
Jokin;5
Dustin Campbell;6
Justin Hamade;4
QBJack;1
Mediocre Gopher;1
Jeg;0
Samvid;0
user319088;21
vene;4
mdob;2
user355002;1
autodidakto;7
Aaron Tavistock;4
k.honsali;1
davidcrow;0
HotTester;4
Dilip Shah;1
mrteacup;2
santschi;3
Alexander K.;3
ropperman;1
iamdarrenhall;1
user176455;3
Rahul Waghmare;1
Lourenzo Ferreira;1
Phil Bachmann;2
Edward Tanguay;14
Brian Rogers;1
user26495;2
salvationishere;1
nickfox;2
Terry Smith;1
Chaki_Black;4
DFL;1
JJ80;1
blue-sky;2
Novel;2
promontis;3
dlanod;6
BryanB;3
mattshane;7173
Misplaced;2
vesan;6
TheKeys;12
Theil;3
e-anima;0
aautsch;0
JSF_Spring_Dummy;1
Collin Burnell;0
Tech0;4
bhavinp;0
BrunoBrito;0
Jeppe Mariager-Lam;1
Dave Astle;1
Liv MacIntosh;0
Stanni;2
Brandon Hilton;2
systemBuilder;7
mat buckland;0
Hari Kishan;1
Jith;0
Mark Theunissen;37
Dream Lane;7
Master Ice;2
Pentatonic;0
Shantanu Mishra;0
iBe;0
mildm8nnered;3
Jacob Kofoed;0
ex12;0
Brian Ballsun-Stanton;1
jrrt;3
ComputerGeek;1
sysvghost;1
rocka;2
Dunwitch;1
Kehan;2
miroslavec;17
phpuploader;2
klyde;1
Juergen Gutsch;2
Vasil Badev;0
fizzbuzz;20
